<th class="bg-yellow-girl">,<a href="../../member/matsuo-sonoma/">,松尾 そのま,Sonoma Matsuo,松尾 Sonoma,Sonoma Matsuo
<th class="bg-yellow-girl">,<a href="../member/ootani-benio/">,大谷 紅緒,Benio Ohtani,大谷 紅緒,Benio Ohtani
<th class="bg-yellow-boy">,<a href="../member/inage-mauna/">,稲毛 眞生,Mauna Inage,稻毛 眞生,Mauna Inage
<th class="bg-yellow-girl">,<a href="../member/kakehi-rei/">,筧 礼,Rei Kakehi,筧 禮,Rei Kakehi
<th class="bg-yellow-girl">,<a href="../member/sonia/">,マウス ソニア,Sonia Mauss,Mauss&#44; Sonia,Sonia Mauss
<th class="bg-yellow-boy">,<a href="../member/sakagami-yuuma/">,坂上 悠真,Y&#363;ma Sakagami,坂上 悠真,Y&#363;ma Sakagami
<th class="bg-yellow-boy">,<a href="../member/abiru-shouta/">,阿比留 照太,Sh&#333;ta Abiru,阿比留 照太,Sh&#333;ta Abiru
<th class="bg-yellow-girl">,<a href="../member/lara/">,ギュナイ 滝美,Lara Gunay,Gunay&#44; 瀧美,Lara Gunay
<th class="bg-yellow-boy">,<a href="../member/mizoguchi-genta/">,溝口 元太,Genta Mizoguchi,溝口 元太,Genta Mizoguchi
<th class="bg-yellow-girl">,<a href="../member/umeda-serina/">,梅田 芹奈,Celina Umeda,梅田 芹奈,Celina Umeda
<th class="bg-white-boy">,<a href="../member/tanigawa-rion/">,谷川 理音,Rion Tanigawa,谷川 理音,Rion Tanigawa
<th class="bg-white-boy">,<a href="../member/fujihara-iku/">,冨士原 生,Iku Fujihara,冨士原 生,Iku Fujihara
<th class="bg-white-girl">,<a href="../member/sasaki-yura/">,佐々木 ゆら,Yura Sasaki,佐佐木 優良,Yura Sasaki
<th class="bg-white-boy">,<a href="../member/kishi-souta/">,岸 蒼太,S&#333;ta Kishi,岸 蒼太,S&#333;ta Kishi
<th class="bg-white-boy">,<a href="../member/kawagishi-tokitaka/">,川岸 釈天,Tokitaka Kawagishi,川岸 釋天,Tokitaka Kawagishi
<th class="bg-white-girl">,<a href="../member/oda-nanoha/">,小田 菜乃葉,Nanoha Oda,小田 菜乃葉,Nanoha Oda
<th class="bg-white-boy">,<a href="../member/saitou-taisei/">,齋藤 泰世,Taisei Saitoh,齋藤 泰世,Taisei Saitoh
<th class="bg-white-girl">,<a href="../member/segizawa-yui/">,堰沢 結衣,Yui Segizawa,堰澤 結衣,Yui Segizawa
<th class="bg-white-boy">,<a href="../member/tsuji-haruto/">,辻 晴仁,Haruto Tsuji,辻 晴仁,Haruto Tsuji
<th class="bg-white-girl">,<a href="../member/tamaki-miyuu/">,玉城 美海,Miy&#363; Tamaki,玉城 美海,Miy&#363; Tamaki
<th class="bg-white-boy">,<a href="../member/kusumi-kento/">,久住 健斗,Kento Kusumi,久住 健斗,Kento Kusumi
<th class="bg-white-girl">,<a href="../member/funakoshi-natsuko/">,船越 夏子,Natsuko Funakoshi,船越 夏子,Natsuko Funakoshi
<th class="bg-white-boy">,<a href="../member/mukai-suzuto/">,向 鈴鳥,Suzuto Mukai,向 鈴鳥,Suzuto Mukai
<th class="bg-white-girl">,<a href="../member/minakawa-nene/">,皆川 寧々,Nene Minakawa,皆川 寧寧,Nene Minakawa
<th class="bg-white-boy">,<a href="../member/ozawa-ryuushin/">,小澤 竜心,Ry&#363;shin Ozawa,小澤 龍心,Ry&#363;shin Ozawa
<th class="bg-white-boy">,<a href="../member/kakizawa-nima/">,柿澤 仁誠,Nima Kakizawa,柿澤 仁誠,Nima Kakizawa
<th class="bg-white-girl">,<a href="../member/inagaki-mei/">,稲垣 芽生,Mei Inagaki,稲垣 芽生,Mei Inagaki
<th class="bg-white-girl">,<a href="../member/kurokawa-momoka/">,黒川 桃花,Momoka Kurokawa,黑川 桃花,Momoka Kurokawa
<th class="bg-white-girl">,<a href="../member/harada-akari/">,原田 明莉,Akari Harada,原田 明莉,Akari Harada
<th class="bg-white-boy">,<a href="../member/kouchi-kaname/">,胡内 奏芽,Kaname Kouchi,胡内 奏芽,Kaname Kouchi
<th class="bg-white-girl">,<a href="../member/kubo-minori/">,久保 みのり,Minori Kubo,久保 實梨,Minori Kubo
<th class="bg-white-girl">,<a href="../member/kirihata-karen/">,桐畑 カレン,Karen Kirihata,桐畑 花恋,Karen Kirihata
<th class="bg-white-boy">,<a href="../member/hayashi-takeru/">,林 武尊,Takeru Hayashi,林 武尊,Takeru Hayashi
<th class="bg-white-girl">,<a href="../member/iijima-akari/">,飯島 緋梨,Akari Iijima,飯島 緋梨,Akari Iijima
<th class="bg-white-boy">,<a href="../member/takizawa-tsubasa/">,瀧澤 翼,Tsubasa Takizawa,瀧澤 翼,Tsubasa Takizawa
<th class="bg-white-girl">,<a href="../member/sugimoto-akira/">,杉本 瑛,Akira Sugimoto,杉本 瑛,Akira Sugimoto
<th class="bg-white-boy">,<a href="../member/sasahara-naoki/">,笹原 尚季,Naoki Sasahara,笹原 尚季,Naoki Sasahara
<th class="bg-white-boy">,<a href="../member/konishi-touya/">,小西 憧弥,T&#333;ya Konishi,小西 憧弥,T&#333;ya Konishi
<th class="bg-white-boy">,<a href="../member/tsujimura-kousuke/">,辻村 晃佑,K&#333;suke Tsujimura,辻村 晃佑,K&#333;suke Tsujimura
<th class="bg-white-girl">,<a href="../member/saitou-mahiru/">,齋藤 茉日,Mahiru Saitoh,齋藤 茉日,Mahiru Saitoh
<th class="bg-white-girl">,<a href="../member/akasaki-tsukika/">,赤崎 月香,Tsukika Akasaki,赤崎 月香,Tsukika Akasaki
<th class="bg-white-girl">,<a href="../member/emmei-asami/">,延命 杏咲実,Asami Emmei,延命 杏咲實,Asami Emmei
<th class="bg-white-boy">,<a href="../member/aizawa-yuuga/">,相澤 侑我,Y&#363;ga Aizawa,相澤 侑我,Y&#363;ga Aizawa
<th class="bg-white-girl">,<a href="../member/nakao-miharu/">,中尾 美晴,Miharu Nakao,中尾 美晴,Miharu Nakao
<th class="bg-white-girl">,<a href="../member/yamada-touko/">,山田 陶子,T&#333;ko Yamada,山田 陶子,T&#333;ko Yamada
<th class="bg-white-boy">,<a href="../member/takehara-tsukasa/">,竹原 司,Tsukasa Takehara,竹原 司,Tsukasa Takehara
<th class="bg-white-girl">,<a href="../member/kurosawa-mirena/">,黒澤 美澪奈,Mirena Kurosawa,黑澤 美澪奈,Mirena Kurosawa
<th class="bg-white-girl">,<a href="../member/nakazato-megumu/">,中里 萌,Megumu Nakazato,中里 萌,Megumu Nakazato
<th class="bg-white-boy">,<a href="../member/noda-shinnya/">,野田 真哉,Shin'ya Noda,野田 真哉,Shin'ya Noda
<th class="bg-white-boy">,<a href="../member/soesbe/">,ソーズビー 航洋,K&#333;y&#333; Soesbe,Soesbe&#44; 航洋,K&#333;y&#333; Soesbe
<th class="bg-white-boy">,<a href="../member/shimada-taichi/">,島田 太一,Taichi Shimada,島田 太一,Taichi Shimada
<th class="bg-white-girl">,<a href="../member/okada-yui/">,岡田 結実,Yui Okada,岡田 結實,Yui Okada
<th class="bg-white-girl">,<a href="../member/nina/">,長谷川 ニイナ,Nina Hasegawa,長谷川 Nina,Nina Hasegawa
<th class="bg-white-boy">,<a href="../member/kaneko-shunnya/">,金子 隼也,Shun'ya Kaneko,金子 隼也,Shun'ya Kaneko
<th class="bg-white-boy">,<a href="../member/asaka-reo/">,浅賀 玲音,Leo Asaka,淺賀 玲音,Leo Asaka
<th class="bg-white-girl">,<a href="../member/terada-akari/">,寺田 朱里 エステル,Estelle Akari Terada,寺田 朱里,Estelle Akari Terada
<th class="bg-white-boy">,<a href="../member/nagae-ryouki/">,長江 崚行,Ry&#333;ki Nagae,長江 崚行,Ry&#333;ki Nagae
<th class="bg-white-girl">,<a href="../member/chinzei-suzuka/">,鎮西 寿々歌,Suzuka Chinzei,鎮西 壽壽歌,Suzuka Chinzei
<th class="bg-white-boy">,<a href="../member/katsu-ryuuichi/">,勝 隆一,Ry&#363;ichi Katsu,勝 隆一,Ry&#363;ichi Katsu
<th class="bg-white-boy">,<a href="../member/jose/">,椋木 ホセ マルティン,Jose Martin Mukunoki,椋木 Martin,Jose Martin Mukunoki
<th class="bg-white-girl">,<a href="../member/sabia/">,ファデン 咲美亜,Sabia Faden,Faden&#44; 咲美亞,Sabia Faden
<th class="bg-white-boy">,<a href="../member/yabe-masaki/">,矢部 昌暉,Masaki Yabe,矢部 昌暉,Masaki Yabe
<th class="bg-white-girl">,<a href="../member/kijima-anna/">,木島 杏奈,Anna Kijima,木島 杏奈,Anna Kijima
<th class="bg-white-boy">,<a href="../member/kaneko-rintarou/">,金子 凜太朗,Rintar&#333; Kaneko,金子 凜太朗,Rintar&#333; Kaneko
<th class="bg-white-boy">,<a href="../member/ogawa-kouyou/">,小川 向陽,K&#333;y&#333; Ogawa,小川 向陽,K&#333;y&#333; Ogawa
<th class="bg-white-boy">,<a href="../member/asano-yuui/">,浅野 優惟,Y&#363;i Asano,淺野 優惟,Y&#363;i Asano
<th class="bg-white-girl">,<a href="../member/diana/">,斎藤 安里奈 ダイアナ,Alina Diana Saitoh,齋藤 安里奈 ,Alina Diana Saitoh
<th class="bg-white-girl">,<a href="../member/tashiro-hikari/">,田代 ひかり,Hikari Tashiro,田代 光,Hikari Tashiro
<th class="bg-white-girl">,<a href="../member/shirasaka-nana/">,白坂 奈々,Nana Shirasaka,白坂 奈奈,Nana Shirasaka
<th class="bg-white-boy">,<a href="../member/nakamura-kaito/">,中村 嘉惟人,Kaito Nakamura,中村 嘉惟人,Kaito Nakamura
<th class="bg-white-boy">,<a href="../member/mitsui-ryou/">,三井 理陽,Ry&#333; Mitsui,三井 理陽,Ry&#333; Mitsui
<th class="bg-white-boy">,<a href="../member/nomura-shou/">,野村 翔,Sh&#333; Nomura,野村 翔,Sh&#333; Nomura
<th class="bg-white-girl">,<a href="../member/matsuoka-miu/">,松岡 美羽,Miu Matsuoka,松岡 美羽,Miu Matsuoka
<th class="bg-white-girl">,<a href="../member/kazato-rana/">,風戸 蘭七,Rana Kazato,風戸 蘭七,Rana Kazato
<th class="bg-white-girl">,<a href="../member/mizumoto-rin/">,水本 凜,Rin Mizumoto,水本 凜,Rin Mizumoto
<th class="bg-white-boy">,<a href="../member/itou-genta/">,伊藤 元太,Genta Itoh,伊藤 元太,Genta Itoh
<th class="bg-white-boy">,<a href="../member/uehara-riku/">,上原 陸,Riku Uehara,上原 陸,Riku Uehara
<th class="bg-white-girl">,<a href="../member/touyama-yuuna/">,當山 優奈,Y&#363;na T&#333;yama,當山 優奈,Y&#363;na T&#333;yama
<th class="bg-white-girl">,<a href="../member/waki-nanaka/">,脇 菜々香,Nanaka Waki,脇 菜菜香,Nanaka Waki
<th class="bg-white-boy">,<a href="../member/saitou-ryouma/">,齊藤 稜駿,Ry&#333;ma Saitoh,齊藤 稜駿,Ry&#333;ma Saitoh
<th class="bg-white-boy">,<a href="../member/suzuki-junnichirou/">,鈴木 純一朗,Jun'ichir&#333; Suzuki,鈴木 純一朗,Jun'ichir&#333; Suzuki
<th class="bg-white-boy">,<a href="../member/agatsuma-seigo/">,上妻 成吾,Seigo Agatsuma,上妻 成吾,Seigo Agatsuma
<th class="bg-white-boy">,<a href="../member/kimura-ryou/">,木村 遼,Ry&#333; Kimura,木村 遼,Ry&#333; Kimura
<th class="bg-white-girl">,<a href="../member/watanabe-seira/">,渡辺 青來,Seira Watanabe,渡邊 青來,Seira Watanabe
<th class="bg-white-girl">,<a href="../member/hirata-mayuka/">,平田 真優香,Mayuka Hirata,平田 真優香,Mayuka Hirata
<th class="bg-white-girl">,<a href="../member/nakamura-ayano/">,中村 あやの,Ayano Nakamura,中村 彩乃,Ayano Nakamura
<th class="bg-white-girl">,<a href="../member/suzuki-michiyo/">,鈴木 美知代,Michiyo Suzuki,鈴木 美知代,Michiyo Suzuki
<th class="bg-white-girl">,<a href="../member/shigemoto-kotori/">,重本 ことり,Kotori Shigemoto,重本 小鳥,Kotori Shigemoto
<th class="bg-white-girl">,<a href="../member/nabemoto-honoka/">,鍋本 帆乃香,Honoka Nabemoto,鍋本 帆乃香,Honoka Nabemoto
<th class="bg-white-girl">,<a href="../member/melody/">,メロディー チューバック,Melody Chubak,Melody Chubak,Melody Chubak
<th class="bg-white-boy">,<a href="../member/araki-jigen/">,荒木 次元,Jigen Araki,荒木 次元,Jigen Araki
<th class="bg-white-girl">,<a href="../member/gina-katou/">,加藤 ジーナ,Gina Katoh,加藤 Gina,Gina Katoh
<th class="bg-white-boy">,<a href="../member/takeda-noeru/">,武田 聖夜,Noel Takeda,武田 聖夜,Noel Takeda
<th class="bg-white-girl">,<a href="../member/fujii-chiho/">,藤井 千帆,Chiho Fujii,藤井 千帆,Chiho Fujii
<th class="bg-white-girl">,<a href="../member/hasegawa-akari/">,長谷川 あかり,Akari Hasegawa,長谷川 朱,Akari Hasegawa
<th class="bg-white-boy">,<a href="../member/chiba-kazuma/">,千葉 一磨,Kazuma Chiba,千葉 一磨,Kazuma Chiba
<th class="bg-white-boy">,<a href="../member/kasahara-takumi/">,笠原 拓巳,Takumi Kasahara,笠原 拓巳,Takumi Kasahara
<th class="bg-white-boy">,<a href="../member/tanaka-riku/">,田中 理来,Riku Tanaka,田中 理來,Riku Tanaka
<th class="bg-white-boy">,<a href="../member/benjamin/">,ミッチェル ベンジャミン,Benjamin Mitchel,Mitchel&#44; Benjamin,Benjamin Mitchel
<th class="bg-white-girl">,<a href="../member/yamada-juria/">,山田 樹里亜,Juria Yamada,山田 樹里亞,Juria Yamada
<th class="bg-white-boy">,<a href="../member/shimada-tsubasa/">,島田 翼,Tsubasa Shimada,島田 翼,Tsubasa Shimada
<th class="bg-white-boy">,<a href="../member/yoshino-shouta/">,吉野 翔太,Sh&#333;ta Yoshino,吉野 翔太,Sh&#333;ta Yoshino
<th class="bg-white-boy">,<a href="../member/maruyama-sena/">,丸山 瀬南,Sena Maruyama,丸山 瀬南,Sena Maruyama
<th class="bg-white-boy">,<a href="../member/watanabe-masato/">,渡邉 聖斗,Masato Watanabe,渡邊 聖斗,Masato Watanabe
<th class="bg-white-girl">,<a href="../member/hosoda-ramu/">,細田 羅夢,Ramu Hosoda,細田 羅夢,Ramu Hosoda
<th class="bg-white-boy">,<a href="../member/koseki-yuuta/">,小関 裕太,Y&#363;ta Koseki,小關 裕太,Y&#363;ta Koseki
<th class="bg-white-girl">,<a href="../member/juneh/">,川﨑 樹音,Juneh Kawasaki,川﨑 樹音,Juneh Kawasaki
<th class="bg-white-girl">,<a href="../member/matsuo-ruri/">,松尾 瑠璃,Ruri Matsuo,松尾 瑠璃,Ruri Matsuo
<th class="bg-white-boy">,<a href="../member/fujita-raian/">,藤田 ライアン,Ryan Fujita,藤田 Ryan,Ryan Fujita
<th class="bg-white-girl">,<a href="../member/watanabe-elly/">,渡邊 エリー,Elly Watanabe,渡邊 Elly,Elly Watanabe
<th class="bg-white-girl">,<a href="../member/hosokawa-ai/">,細川 藍,Ai Hosokawa,細川 藍,Ai Hosokawa
<th class="bg-white-boy">,<a href="../member/hyuuga-kouichi/">,日向 滉一,K&#333;ichi Hy&#363;ga,日向 滉一,K&#333;ichi Hy&#363;ga
<th class="bg-white-boy">,<a href="../member/kimura-haruki/">,木村 遼希,Haruki Kimura,木村 遼希,Haruki Kimura
<th class="bg-white-girl">,<a href="../member/kiuchi-riona/">,木内 梨生奈,Riona Kiuchi,木内 梨生奈,Riona Kiuchi
<th class="bg-white-girl">,<a href="../member/ichiki-ami/">,一木 有海,Ami Ichiki,一木 有海,Ami Ichiki
<th class="bg-white-boy">,<a href="../member/chiaki/">,千秋 レイシー,Chiaki Lacey,千秋 Lacey,Chiaki Lacey
<th class="bg-white-girl">,<a href="../member/fujimoto-nanami/">,藤本 七海,Nanami Fujimoto,藤本 七海,Nanami Fujimoto
<th class="bg-white-girl">,<a href="../member/ooki-azusa/">,大木 梓彩,Azusa Ohki,大木 梓彩,Azusa Ohki
<th class="bg-white-boy">,<a href="../member/nagashima-kenjirou/">,永島 謙二郎,Kenjir&#333; Nagashima,永島 謙二郎,Kenjir&#333; Nagashima
<th class="bg-white-girl">,<a href="../member/kiuchi-eri/">,木内 江莉,Eri Kiuchi,木内 江莉,Eri Kiuchi
<th class="bg-white-girl">,,橋本 甜歌,Tenka Hashimoto,橋本 甜歌,Tenka Hashimoto
<th class="bg-white-boy">,<a href="../member/takahashi-fumiya/">,髙橋 郁哉,Fumiya Takahashi,高橋 郁哉,Fumiya Takahashi
<th class="bg-white-girl">,<a href="../member/ikura-manami/">,伊倉 愛美,Manami Ikura,伊倉 愛美,Manami Ikura
<th class="bg-white-boy">,<a href="../member/yuuki/">,バーンズ 勇気,Y&#363;ki Byrnes,Byrnes&#44; 勇気,Y&#363;ki Byrnes
<th class="bg-white-girl">,<a href="../member/shinohara-tsugumi/">,篠原 愛実,Tsugumi Shinohara,篠原 愛實,Tsugumi Shinohara
<th class="bg-white-boy">,<a href="../member/kohta/">,洸太 レイシー,Kohta Lacey,洸太 Lacey,Kohta Lacey
<th class="bg-white-girl">,<a href="../member/asano-yuria/">,浅野 優梨愛,Yuria Asano,淺野 優梨愛,Yuria Asano
<th class="bg-white-girl">,<a href="../member/kondou-ema/">,近藤 エマ,Emma Kondoh,近藤 Emma,Emma Kondoh
<th class="bg-white-boy">,<a href="../member/nozomi/">,ド・ランクザン 望,Nozomi de Lancqsaing,de Lancqsaing&#44; 望,Nozomi de Lancqsaing
<th class="bg-white-boy">,<a href="../member/maeda-gouki/">,前田 公輝,G&#333;ki Maeda,前田 公輝,G&#333;ki Maeda
<th class="bg-white-girl">,<a href="../member/iida-riho/">,飯田 里穂,Riho Iida,飯田 里穗,Riho Iida
<th class="bg-white-girl">,<a href="../member/murata-chihiro/">,村田 ちひろ,Chihiro Murata,村田 千宏,Chihiro Murata
<th class="bg-white-boy">,<a href="../member/harisawa-shisei/">,張沢 紫星,Shisei Harisawa,張澤 紫星,Shisei Harisawa
<th class="bg-white-girl">,<a href="../member/joann/">,ジョアン ヤマザキ,Joann Yamazaki,Joann Yamazaki,Joann Yamazaki
<th class="bg-white-girl">,<a href="../member/nakamura-arisa/">,中村 有沙,Arisa Nakamura,中村 有沙,Arisa Nakamura
<th class="bg-white-boy">,<a href="../member/horie-kousei/">,堀江 幸生,K&#333;sei Horie,堀江 幸生,K&#333;sei Horie
<th class="bg-white-girl">,<a href="../member/shiraki-anna/">,白木 杏奈,Anna Shiraki,白木 杏奈,Anna Shiraki
<th class="bg-white-boy">,<a href="../member/ide-takuya/">,井出 卓也,Takuya Ide,井出 卓也,Takuya Ide
<th class="bg-white-girl">,<a href="../member/sakurai-yuka/">,桜井 結花,Yuka Sakurai,櫻井 結花,Yuka Sakurai
<th class="bg-white-girl">,<a href="../member/inose-shiho/">,豕瀬 志穂,Shiho Inose,豕瀬 志穂,Shiho Inose
<th class="bg-white-boy">,<a href="../member/yagi-toshihiko/">,八木 俊彦,Toshihiko Yagi,八木 俊彦,Toshihiko Yagi
<th class="bg-white-girl">,<a href="../member/horiguchi-misaki/">,堀口 美咲,Misaki Horiguchi,堀口 美咲,Misaki Horiguchi
<th class="bg-white-boy">,<a href="../member/mikey/">,マイケル メンツァー,Michael Menzer,Michael Menzer,Michael Menzer
<th class="bg-white-boy">,<a href="../member/brian/">,ブライアン ウォルターズ,Brian Walters,Brian Walters,Brian Walters
<th class="bg-white-girl">,<a href="../member/tawara-sayuri/">,俵 小百合,Sayuri Tawara,俵 小百合,Sayuri Tawara
<th class="bg-white-girl">,<a href="../member/iwai-nanase/">,岩井 七世,Nanase Iwai,岩井 七世,Nanase Iwai
<th class="bg-white-boy">,<a href="../member/yamamoto-ryuuichi/">,山元 竜一,Ry&#363;ichi Yamamoto,山元 龍一,Ry&#363;ichi Yamamoto
<th class="bg-white-boy">,,ローブリィ 翔,Sh&#333; Rorbri,Rorbri&#44; 翔,Sh&#333; Rorbri
<th class="bg-white-boy">,<a href="../member/matsui-rammaru/">,松井 蘭丸,Rammaru Matsui,松井 蘭丸,Rammaru Matsui
<th class="bg-white-girl">,<a href="../member/anzai-mai/">,安齊 舞,Mai Anzai,安齊 舞,Mai Anzai
<th class="bg-white-girl">,<a href="../member/murakami-haruna/">,村上 東奈,Haruna Murakami,村上 東奈,Haruna Murakami
<th class="bg-white-girl">,<a href="../member/tawara-yukiko/">,俵 有希子,Yukiko Tawara,俵 有希子,Yukiko Tawara
<th class="bg-white-boy">,<a href="../member/kumaki-shou/">,熊木 翔,Sh&#333; Kumaki,熊木 翔,Sh&#333; Kumaki
<th class="bg-white-boy">,<a href="../member/tateyama-hayata/">,竪山 隼太,Hayata Tateyama,竪山 隼太,Hayata Tateyama
<th class="bg-white-boy">,<a href="../member/taro/">,エバンス 太郎,Tar&#333; Evans,Evans&#44; 太郎,Tar&#333; Evans
<th class="bg-white-girl">,<a href="../member/monique/">,モニーク ローズ,Monique Rose,Monique Rose,Monique Rose
<th class="bg-white-girl">,<a href="../member/alisa/">,ダーブロウ 有紗,Alisa Darbrou,Darbrou&#44; 有紗,Alisa Darbrou
<th class="bg-white-girl">,<a href="../member/nakata-asumi/">,中田 あすみ,Asumi Nakata,中田 明日見,Asumi Nakata
<th class="bg-white-girl">,<a href="../member/jo-sou-ang/">,徐 桑安,Sou Ang Jo,徐 桑安,Sou Ang Jo
<th class="bg-white-boy">,<a href="../member/suda-yasuhiro/">,須田 泰大,Yasuhiro Suda,須田 泰大,Yasuhiro Suda
<th class="bg-white-boy">,,松下 博昭,Hiroaki Matsushita,松下 博昭,Hiroaki Matsushita
<th class="bg-white-girl">,<a href="../member/sakuma-nobuko/">,佐久間 信子,Nobuko Sakuma,佐久間 信子,Nobuko Sakuma
<th class="bg-white-girl">,<a href="../member/aiba-shino/">,饗場 詩野,Shino Aiba,饗場 詩野,Shino Aiba
<th class="bg-white-girl">,<a href="../member/ishida-hinako/">,石田 比奈子,Hinako Ishida,石田 比奈子,Hinako Ishida
<th class="bg-white-girl">,<a href="../member/tsuji-yuuki/">,逵 優希,Y&#363;ki Tsuji,逵 優希,Y&#363;ki Tsuji
<th class="bg-white-boy">,<a href="../member/fukuda-ryouta/">,福田 亮太,Ry&#333;ta Fukuda,福田 亮太,Ry&#333;ta Fukuda
<th class="bg-white-boy">,,橋田 紘緒,Hiro'o Hashida,橋田 紘緒,Hiro'o Hashida
<th class="bg-white-boy">,<a href="../member/itou-shunsuke/">,伊藤 俊輔,Shunsuke Itoh,伊藤 俊輔,Shunsuke Itoh
<th class="bg-white-boy">,,ジェームス マーティン,James Martine,James Martine,James Martine
<th class="bg-white-girl">,<a href="../member/tanahashi-yuki/">,棚橋 由希,Yuki Tanahashi,棚橋 由希,Yuki Tanahashi
<th class="bg-white-girl">,<a href="../member/oosawa-akane/">,大沢 あかね,Akane Ohsawa,大沢 茜,Akane Ohsawa
<th class="bg-white-girl">,<a href="../member/ishibe-risa/">,石部 里紗,Risa Ishibe,石部 里紗,Risa Ishibe
<th class="bg-white-girl">,<a href="../member/jasmine/">,ジャスミン アレン,Jasmine Allen,Jasmine Allen,Jasmine Allen
<th class="bg-white-boy">,<a href="../member/wentz/">,ウエンツ 瑛士,Eiji Wentz,Wentz&#44; 瑛士,Eiji Wentz
<th class="bg-white-boy">,<a href="../member/andou-kanade/">,安藤 奏,Kanade Andoh,安藤 奏,Kanade Andoh
<th class="bg-white-boy">,,松浦 顕一郎,Ken'ichir&#333; Matsuura,松浦 顕一郎,Ken'ichir&#333; Matsuura
<th class="bg-white-girl">,,田中 樹里,Juri Tanaka,田中 樹里,Juri Tanaka
<th class="bg-white-boy">,,海道 亮平,Ry&#333;hei Kaidoh,海道 亮平,Ry&#333;hei Kaidoh
<th class="bg-white-girl">,,松川 佳以,Kei Matsukawa,松川 佳以,Kei Matsukawa
<th class="bg-white-boy">,<a href="https://twitter.com/ryujiaigase" target="_blank">,相ヶ瀬 龍史,Ry&#363;ji Aigase,相瀬 龍史,Ry&#363;ji Aigase
<th class="bg-white-girl">,<a href="../member/maeda-aki/">,前田 亜季,Aki Maeda,前田 亞季,Aki Maeda
<th class="bg-white-boy">,<a href="https://twitter.com/Potionx99" target="_blank">,伊東 亮輔,Ry&#333;suke Itoh,伊東 亮輔,Ry&#333;suke Itoh
<th class="bg-white-girl">,<a href="../member/shinohara-mari/">,篠原 麻里,Mari Shinohara,篠原 麻里,Mari Shinohara
<th class="bg-white-boy">,<a href="../member/ikuta-touma/">,生田 斗真,T&#333;ma Ikuta,生田 斗真,T&#333;ma Ikuta
<th class="bg-white-girl">,,ジェニファー ペリマン,Jennifer Periman,Jennifer Periman,Jennifer Periman
<th class="bg-white-girl">,,阿部 七絵,Nanae Abe,阿部 七絵,Nanae Abe
<th class="bg-white-boy">,<a href="../member/sakata-shinnichirou/">,坂田 慎一郎,Shin'ichir&#333; Sakata,坂田 慎一郎,Shin'ichir&#333; Sakata
<th class="bg-white-boy">,,佐藤 北斗,Hokuto Satoh,佐藤 北斗,Hokuto Satoh
<th class="bg-white-girl">,,大塚 清華,Sayaka Ohtsuka,大塚 清華,Sayaka Ohtsuka
<th class="bg-white-girl">,,保里 優紀,Yuki Hori,保里 優紀,Yuki Hori
<th class="bg-white-girl">,<a href="../member/suzuki-aika/">,鈴木 愛可,Aika Suzuki,鈴木 愛可,Aika Suzuki
<th class="bg-white-boy">,<a href="https://twitter.com/yuyakuriyama" target="_blank">,栗山 祐哉,Y&#363;ya Kuriyama,栗山 祐哉,Y&#363;ya Kuriyama
<th class="bg-white-girl">,<a href="../member/shibuya-momoko/">,渋谷 桃子,Momoko Shibuya,渉谷 桃子,Momoko Shibuya
<th class="bg-white-boy">,,斎藤 拓実,Takumi Saitoh,齋藤 拓実,Takumi Saitoh
<th class="bg-white-boy">,,中條 慎太郎,Shintar&#333; Ch&#363;joh,中條 慎太郎,Shintar&#333; Ch&#363;joh
<th class="bg-white-girl">,,田原 加奈子,Kanako Tahara,田原 加奈子,kanako Tahara
<th class="bg-white-girl">,,ジェニファー ハースト,Jennifer Hearst,Jennifer Hearst,Jennifer Hearst
<th class="bg-white-girl">,<a href="../member/yamaguchi-misa/">,山口 美沙,Misa Yamaguchi,山口 美沙,Misa Yamaguchi
<th class="bg-white-boy">,,小林 一裕,Kazuhiro Kobayashi,小林 一裕,Kazuhiro Kobayashi
<th class="bg-white-boy">,,小林 三義,Mitsuyoshi Kobayashi,小林 三義,Mitsuyoshi Kobayashi
<th class="bg-white-girl">,,漆野 友美,Tomomi Urushino,漆野 友美,Tomomi Urushino
<th class="bg-white-girl">,<a href="https://twitter.com/Manami116" target="_blank">,三星 眞奈美,Manami Mitsuboshi,三星 眞奈美,Manami Mitsuboshi
<th class="bg-white-boy">,,清野 努,Tsutomu Seino,清野 努,Tsutomu Seino
<th class="bg-white-girl">,,須山 彩,Aya Suyama,須山 彩,Aya Suyama
<th class="bg-white-girl">,<a href="http://www.christynatsumi.com/" target="_blank">,クリスティー コーサル,Christy Natsumi Kosal,Christy Kosal,Christy Natsumi Kosal